gene,SNc healthy kME,SNc healthy in_module,SNc healthy rank,SNc intact kME,SNc intact in_module,SNc intact rank,SNc lesioned kME,SNc lesioned in_module,SNc lesioned rank,VTA healthy kME,VTA healthy in_module,VTA healthy rank,VTA intact kME,VTA intact in_module,VTA intact rank,VTA lesioned kME,VTA lesioned in_module,VTA lesioned rank
Gm2436,,,,,,,,,,,,,,,,,,
Gm2446,,,,,,,,,,,,,,,,,,
Gng5c,,,,,,,,,,,,,,,,,,
Gng14,,,,,,,,,,,,,,,,,,
Gm3785,,,,,,,,,,,,,,,,,,
Camk2d,-0.0121,0,,-0.1313,0,,-0.2381,0,,-0.0485,0,,-0.1156,0,,-0.2031,0,
Arrb1,-0.0557,0,,-0.0115,0,,0.0521,0,,-0.0604,0,,0.0370,0,,0.1096,0,
Maob,,,,-0.1011,0,,-0.0375,0,,-0.0084,0,,0.0318,0,,0.0510,0,
Slc18a1,0.0239,0,,0.0253,0,,0.0559,0,,,,,,,,,,
Akt1,0.0167,0,,0.0133,0,,0.0276,0,,0.0026,0,,-0.0196,0,,-0.0378,0,
Akt2,-0.0073,0,,-0.0030,0,,0.0015,0,,-0.0528,0,,-0.0044,0,,-0.0258,0,
Bmal1,,,,,,,,,,,,,,,,,,
Atf2,-0.0043,0,,0.0190,0,,0.0711,0,,0.0416,0,,0.0432,0,,0.1296,0,
Atf4,-0.0151,0,,0.0017,0,,-0.0177,0,,0.0036,0,,-0.0280,0,,-0.0198,0,
Cacna1a,0.1879,1,686,0.3170,1,305,0.4178,1,197,0.1163,0,,0.0392,0,,-0.0812,0,
Cacna1b,0.1247,0,,0.2077,1,573,0.2410,1,481,-0.0622,0,,-0.0073,0,,0.1419,0,
Cacna1c,-0.1386,0,,-0.1786,0,,-0.0882,0,,0.1377,0,,0.1344,0,,0.1070,0,
Cacna1d,0.4419,1,197,0.3460,1,249,0.3983,1,207,0.2962,1,83,0.2301,1,79,0.2827,1,120
Calm1,-0.0110,0,,-0.0920,0,,-0.0035,0,,-0.1021,0,,-0.1062,0,,-0.0912,0,
Calm2,-0.0855,0,,-0.0857,0,,0.0081,0,,-0.0527,0,,-0.0725,0,,-0.0443,0,
Calm3,0.0697,0,,0.0208,0,,0.1021,0,,0.0453,0,,-0.0859,0,,-0.1359,0,
Camk2a,-0.6736,0,,-0.6227,0,,-0.4583,0,,-0.0147,0,,0.0505,0,,0.1703,0,
Camk2b,-0.1936,0,,-0.1642,0,,-0.1028,0,,0.0080,0,,0.0093,0,,0.0828,0,
Camk2g,-0.1145,0,,-0.0989,0,,-0.0480,0,,-0.0072,0,,-0.0267,0,,0.0783,0,
Clock,-0.0988,0,,-0.0213,0,,-0.0258,0,,-0.0007,0,,0.0290,0,,0.1302,1,493
Comt,-0.0002,0,,0.0359,0,,0.0763,0,,0.1535,1,194,0.1674,1,112,0.0008,0,
Creb1,0.0114,0,,0.0164,0,,0.0160,0,,0.0779,0,,0.0714,0,,0.0793,1,652
Creb3,0.0194,0,,0.0331,0,,-0.0080,0,,-0.0267,0,,-0.0062,0,,-0.0184,0,
Atf6b,0.0177,0,,-0.0140,0,,0.0072,0,,0.0005,0,,-0.0189,0,,-0.0514,0,
Slc6a3,0.7111,1,38,0.6793,1,35,0.6945,1,19,0.0433,0,,-0.1098,0,,-0.3414,0,
Ddc,0.6222,1,76,0.5401,1,97,0.4863,1,143,-0.1507,0,,-0.1282,0,,-0.0840,0,
Drd1,,,,,,,,,,,,,,,,,,
Drd2,0.8012,1,12,0.7375,1,20,0.6828,1,25,0.0286,0,,0.0846,0,,0.1317,0,
Drd3,,,,,,,,,,,,,,,,,,
Drd4,,,,,,,,,,,,,,,,,,
Drd5,,,,,,,,,,,,,,,,,,
Fos,,,,,,,-0.1871,0,,,,,,,,,,
Gnai1,0.0967,0,,0.0858,0,,0.1601,0,,0.2225,1,129,0.1635,0,,0.1542,0,
Gnai2,-0.1379,0,,-0.1107,0,,-0.0925,0,,0.0607,0,,0.0207,0,,0.0572,0,
Gnai3,-0.0496,0,,-0.0192,0,,-0.0105,0,,0.0314,0,,0.0666,0,,0.1367,1,457
Gnal,0.2141,1,593,0.1448,1,892,0.1941,0,,-0.0884,0,,-0.0333,0,,0.0602,0,
Gnao1,-0.1604,0,,-0.1816,0,,-0.1171,0,,-0.0154,0,,0.0501,0,,0.2242,1,202
Gnaq,0.2400,1,511,0.1924,1,627,0.1851,0,,0.1384,0,,0.1470,0,,0.0975,0,
Gnas,-0.6884,0,,-0.6356,0,,-0.4817,0,,0.0478,0,,0.0645,0,,0.3546,1,68
Gnb1,0.0598,0,,0.0697,0,,0.0923,0,,0.0620,0,,-0.0052,0,,0.0587,0,
Gnb2,,,,,,,,,,,,,,,,,,
Gnb3,,,,,,,,,,,,,,,,,,
Gnb4,-0.2168,0,,-0.3000,0,,-0.2560,0,,0.0531,0,,0.1295,0,,0.0577,0,
Gnb5,0.0173,0,,0.0561,0,,0.0720,0,,0.0683,0,,0.0156,0,,0.0262,0,
Gngt1,,,,,,,,,,,,,,,,,,
Gng10,,,,,,,,,,,,,,,,,,
Gng12,-0.0447,0,,-0.0906,0,,-0.0850,0,,-0.1253,0,,-0.1937,0,,-0.0556,0,
Gng2,-0.3564,0,,-0.2495,0,,-0.2033,0,,0.0239,0,,0.1414,0,,0.0987,0,
Gng3,0.0225,0,,0.0068,0,,0.0928,0,,-0.0680,0,,-0.0960,0,,-0.1154,0,
Gng4,0.1155,0,,0.1100,1,1177,0.1421,0,,0.0286,0,,0.1178,0,,0.1550,0,
Gng5,0.0043,0,,0.0006,0,,-0.0355,0,,,,,-0.0143,0,,-0.0842,0,
Gng7,-0.3057,0,,-0.3170,0,,-0.2685,0,,0.0754,0,,-0.0336,0,,0.0284,0,
Gng8,,,,,,,,,,,,,,,,,,
Gngt2,,,,,,,,,,,,,,,,,,
Gria1,-0.0942,0,,-0.1851,0,,-0.1912,0,,-0.4256,0,,-0.4517,0,,-0.2109,0,
Gria2,0.3353,1,341,0.2501,1,442,0.3539,0,,-0.2173,0,,-0.0469,0,,0.1941,0,
Gria4,-0.3937,0,,-0.4155,0,,-0.0560,0,,0.1303,0,,0.2789,0,,0.4387,0,
Grin2a,0.2359,0,,0.1304,0,,0.3008,0,,-0.3901,0,,-0.1614,0,,-0.3036,0,
Grin2b,0.0278,0,,0.0298,0,,0.1093,0,,0.2722,1,99,0.1307,0,,0.2295,0,
Itpr1,0.4795,1,162,0.3526,1,245,0.4024,1,205,-0.0179,0,,-0.0151,0,,0.2890,1,116
Itpr2,0.1482,1,864,0.0968,0,,-0.0098,0,,0.0588,0,,0.0641,0,,0.1744,1,306
Itpr3,,,,,,,,,,,,,,,,,,
Kcnj3,-0.3364,0,,-0.4126,0,,-0.3048,0,,0.0975,0,,-0.1018,0,,0.1722,0,
Kcnj5,,,,,,,,,,,,,,,,,,
Kcnj6,0.8077,1,11,0.8012,1,5,0.7515,1,5,-0.1570,0,,-0.3052,0,,-0.3335,0,
Kcnj9,-0.0745,0,,-0.0780,0,,-0.0591,0,,-0.0670,0,,-0.0210,0,,-0.0003,0,
Kif5a,0.1878,0,,0.1803,1,694,0.2112,0,,0.0045,0,,-0.0597,0,,-0.0799,0,
Kif5b,0.0143,0,,0.0157,0,,0.0619,0,,0.0946,1,276,0.0174,0,,0.0334,0,
Kif5c,0.1542,0,,0.0833,0,,0.0975,0,,-0.0371,0,,-0.0077,0,,0.0923,0,
Maoa,0.0739,0,,0.1061,0,,0.1825,1,646,0.0552,0,,0.0564,0,,0.0282,0,
Prkaca,0.0104,0,,0.0506,0,,0.1274,0,,0.0456,0,,-0.0004,0,,0.0248,0,
Prkacb,-0.2628,0,,-0.3017,0,,-0.2296,0,,0.0223,0,,0.0465,0,,0.0906,0,
Prkca,0.6961,1,43,0.6923,1,28,0.5702,1,81,-0.2922,0,,-0.3357,0,,-0.2442,0,
Prkcb,0.3780,1,271,0.3332,1,271,0.3038,1,353,0.0436,0,,0.0388,0,,0.2933,1,113
Prkcg,0.2117,0,,0.1542,0,,0.2115,0,,0.0657,0,,-0.0463,0,,0.0070,0,
Plcb1,-0.0291,0,,0.0223,0,,0.2180,0,,0.0048,0,,-0.1554,0,,-0.2641,0,
Plcb2,,,,,,,,,,,,,,,,,,
Plcb3,,,,,,,,,,,,,,,,,,
Plcb4,0.6106,1,86,0.5109,1,114,0.2833,0,,-0.0169,0,,0.1114,0,,-0.1684,0,
Ppp1ca,-0.0067,0,,-0.0216,0,,0.0268,0,,-0.0495,0,,-0.0539,0,,-0.0193,0,
Ppp1cb,0.0370,0,,0.0111,0,,0.0271,0,,-0.0018,0,,0.0075,0,,0.1077,0,
Ppp1cc,-0.0760,0,,-0.0474,0,,-0.0485,0,,0.0239,0,,0.0276,0,,0.0185,0,
Ppp1r1b,,,,,,,,,,,,,,,,,,
Ppp2ca,0.0588,0,,0.0492,0,,-0.0042,0,,-0.0117,0,,-0.0109,0,,0.0010,0,
Ppp2cb,0.0534,0,,0.0386,0,,0.0409,0,,-0.0176,0,,0.0080,0,,-0.0255,0,
Ppp2r3d,-0.0873,0,,-0.0279,0,,-0.0151,0,,0.0021,0,,-0.0190,0,,-0.0461,0,
Ppp3ca,0.1181,0,,0.0776,0,,0.1053,0,,-0.2443,0,,-0.1484,0,,0.3334,1,79
Ppp3cb,0.0163,0,,-0.0030,0,,-0.0177,0,,-0.0190,0,,0.0362,0,,0.0718,0,
Ppp3cc,0.1619,0,,0.1152,0,,0.0862,0,,0.0314,0,,0.0092,0,,0.0263,0,
Mapk11,0.0389,0,,0.0477,0,,0.0811,0,,-0.0291,0,,-0.0076,0,,0.0375,0,
Scn1a,-0.1285,0,,-0.2513,0,,-0.0973,0,,-0.0121,0,,0.0362,0,,0.0831,0,
Creb3l2,0.1201,0,,0.0835,1,1447,0.0802,0,,0.0698,0,,0.1106,0,,0.1978,1,252
Creb3l3,,,,,,,,,,,,,,,,,,
Slc18a2,0.2635,0,,0.4119,1,188,0.4877,1,142,-0.0003,0,,0.0275,0,,-0.1215,0,
Arrb2,-0.0990,0,,-0.0650,0,,-0.0208,0,,0.0180,0,,-0.0395,0,,0.0355,0,
Ppp2r5d,-0.0080,0,,0.0195,0,,0.0670,0,,0.0234,0,,0.0264,0,,0.0067,0,
Th,-0.1267,0,,0.0797,0,,0.2866,0,,0.1340,0,,0.0512,0,,0.0453,0,
Adcy5,0.1315,0,,0.1094,1,1181,0.1641,0,,-0.0430,0,,-0.0138,0,,0.0361,0,
Ppp2r5b,0.0641,0,,0.0421,0,,0.0195,0,,-0.0306,0,,-0.0451,0,,-0.0809,0,
Ppp2r5a,-0.1078,0,,-0.0132,0,,-0.0351,0,,-0.0106,0,,0.0443,0,,0.0547,0,
Creb5,-0.0295,0,,,,,-0.1733,0,,-0.0445,0,,,,,-0.3790,0,
Ppp2r3a,-0.0937,0,,0.0290,0,,0.0134,0,,0.0349,0,,0.0468,0,,0.0601,0,
Akt3,0.0972,0,,0.0492,0,,0.1436,0,,0.0346,0,,0.1081,0,,0.2551,1,153
Mapk10,-0.3779,0,,-0.2638,0,,-0.0818,0,,0.1838,0,,0.0797,0,,0.2753,0,
Mapk13,,,,,,,,,,,,,,,,,,
Mapk14,0.0560,0,,0.0494,0,,-0.0362,0,,0.0169,0,,-0.0001,0,,-0.0131,0,
Mapk8,0.1053,0,,0.1332,0,,0.1543,0,,0.1018,0,,0.0988,0,,0.0705,0,
Mapk9,0.2413,1,503,0.3014,1,337,0.2503,1,461,0.1233,0,,0.0223,0,,0.0593,0,
Creb3l1,,,,,,,,,,,,,,,,0.1723,1,317
Ppp2r5c,-0.1206,0,,-0.0975,0,,-0.1381,0,,-0.1865,0,,-0.2450,0,,0.0015,0,
Ppp2r5e,0.0681,0,,0.0527,0,,0.0490,0,,0.0969,0,,0.0166,0,,0.0292,0,
Ppp2r2c,0.0418,0,,0.0277,0,,0.0226,0,,0.0069,0,,-0.0207,0,,0.0246,0,
Mapk12,0.1692,1,764,0.1181,1,1114,0.1352,1,785,0.0622,0,,-0.0017,0,,0.0709,0,
Ppp1ccb,,,,,,,,,,,,,,,,,,
Calm5,,,,,,,,,,,,,,,,,,
Ppp2r1a,-0.0101,0,,0.0075,0,,0.0816,0,,0.0332,0,,-0.0090,0,,-0.0714,0,
Ppp2r2d,-0.0468,0,,-0.0183,0,,-0.0537,0,,0.0393,0,,0.0036,0,,0.0693,0,
Gria3,0.6896,1,46,0.5453,1,91,0.5822,1,77,-0.1800,0,,-0.1729,0,,0.2394,0,
Gsk3b,-0.1351,0,,-0.1400,0,,-0.2518,0,,0.0011,0,,0.0250,0,,-0.0390,0,
Ppp2r3c,-0.0515,0,,0.0004,0,,-0.0387,0,,-0.0120,0,,-0.0071,0,,-0.0011,0,
Gsk3a,-0.0366,0,,0.0029,0,,0.0271,0,,-0.0334,0,,0.0175,0,,-0.0115,0,
Gng13,,,,,,,,,,,,,,,,,,
Gng11,,,,,,,,,,,,,,,,,,
Caly,0.1138,1,1070,-0.1155,0,,-0.0134,0,,0.0264,0,,0.0200,0,,0.1410,0,
Calml3,,,,,,,,,,,,,,,,,,
Ppp2r2a,-0.0062,0,,-0.0257,0,,-0.0358,0,,0.0235,0,,0.0153,0,,-0.0562,0,
Ppp2r2b,0.4805,1,161,0.3358,1,266,0.4127,1,198,-0.2056,0,,-0.2319,0,,0.1994,0,
Ppp2r1b,-0.0024,0,,-0.0061,0,,-0.0072,0,,0.0408,0,,-0.0019,0,,0.0184,0,
Calml4,0.1052,0,,,,,,,,,,,,,,,,
Creb3l4,,,,,,,,,,,,,,,,,,
Tomt,,,,,,,,,,,,,,,,,,
Calm4,,,,,,,,,,,,,,,,,,
