gene_name,kME,rank,in_kegg_dopaminergic_synapse
Klhl1,0.870000,1,0
Pbx1,0.854762,2,0
Frmd4b,0.854475,3,0
Adarb2,0.842286,4,0
Rgs6,0.840073,5,0
Slc35f1,0.834214,6,0
Csmd1,0.832764,7,0
Nos1ap,0.829184,8,0
9530059O14Rik,0.826959,9,0
Zfhx3,0.825678,10,0
Kcnj6,0.807723,11,1
Drd2,0.801153,12,1
Erc2,0.800749,13,0
Robo2,0.784486,14,0
Fam184a,0.777440,15,0
Cadm2,0.773918,16,0
Elavl2,0.769664,17,0
Anks1b,0.758873,18,0
Dpp10,0.747239,19,0
Lrrc3b,0.745262,20,0
Pcdh15,0.744681,21,0
Galntl6,0.742244,22,0
Pbx3,0.737510,23,0
Nkain2,0.737042,24,0
Pex5l,0.735982,25,0
Dab1,0.735464,26,0
Robo1,0.733652,27,0
Cntn4,0.724829,28,0
Vwc2l,0.724463,29,0
Nwd2,0.722631,30,0
Bnc2,0.716882,31,0
Ncam1,0.716864,32,0
Grm5,0.714078,33,0
Elavl4,0.713627,34,0
Sgcz,0.713572,35,0
Kcnn3,0.713417,36,0
Cdh11,0.711834,37,0
Slc6a3,0.711065,38,1
Meg3,0.708748,39,0
Col25a1,0.707654,40,0
Ptpru,0.702118,41,0
Nrxn3,0.696454,42,0
Prkca,0.696094,43,1
Sncaip,0.694256,44,0
Rims1,0.691714,45,0
Gria3,0.689642,46,1
Caln1,0.686278,47,0
Kif26b,0.685562,48,0
A230006K03Rik,0.684478,49,0
Apba1,0.682112,50,0
Il1rap,0.681937,51,0
Mir124a-1hg,0.679830,52,0
Sgcd,0.679473,53,0
Grip2,0.677855,54,0
Plxna4,0.673624,55,0
Satb1,0.672449,56,0
Adamtsl1,0.670584,57,0
Ntn1,0.668316,58,0
Srgap1,0.665655,59,0
Dgki,0.661510,60,0
Epha4,0.659359,61,0
Ret,0.656660,62,0
Slc35f4,0.656618,63,0
Cadps,0.651247,64,0
Spats2l,0.651057,65,0
Cplx1,0.650829,66,0
March1,0.649018,67,0
Epha10,0.648083,68,0
Nrg1,0.648079,69,0
Hecw2,0.641054,70,0
Cadps2,0.639541,71,0
Kcnd3,0.637046,72,0
Rreb1,0.634379,73,0
Cdh20,0.632103,74,0
Kcns3,0.627092,75,0
Ddc,0.622230,76,1
Malat1,0.622105,77,0
Msi2,0.620853,78,0
Serpine2,0.620702,79,0
Ptprz1,0.619207,80,0
Sv2c,0.619205,81,0
Dcc,0.618035,82,0
Erbb4,0.617369,83,0
Lix1,0.615636,84,0
Ptprg,0.615267,85,0
Plcb4,0.610650,86,1
1700042O10Rik,0.609599,87,0
Cntn6,0.607580,88,0
Tenm1,0.603654,89,0
Clstn2,0.601405,90,0
Ptpn5,0.601273,91,0
Rbms3,0.600689,92,0
Celf2,0.598308,93,0
Fam189a1,0.597454,94,0
Brinp1,0.593716,95,0
St6galnac5,0.590241,96,0
Cdh18,0.588679,97,0
Immp2l,0.581678,98,0
Bach2,0.580952,99,0
Ttc6,0.579852,100,0
Syt17,0.579664,101,0
Sv2b,0.579621,102,0
Clvs1,0.577923,103,0
Epha6,0.577699,104,0
Ccdc171,0.576288,105,0
Fmn1,0.572208,106,0
Tmem117,0.570618,107,0
Gabbr2,0.569494,108,0
Atxn1,0.568321,109,0
Rapgef5,0.566303,110,0
Tmem132b,0.565831,111,0
Gm21949,0.561817,112,0
Mob3b,0.561533,113,0
Mcc,0.560091,114,0
Lrmda,0.559318,115,0
Lrfn5,0.558445,116,0
Dscam,0.557793,117,0
Cntnap4,0.557490,118,0
Csmd3,0.555024,119,0
Kcnq3,0.554583,120,0
Pfkp,0.551897,121,0
Grk3,0.550988,122,0
Ldlrad4,0.549048,123,0
Cux2,0.546690,124,0
Vav3,0.544982,125,0
Nr4a2,0.543836,126,0
Tmtc2,0.543811,127,0
Gpr158,0.543029,128,0
Chrnb3,0.541909,129,0
Gsg1l,0.541817,130,0
Msra,0.540917,131,0
Pid1,0.539229,132,0
Etv5,0.536487,133,0
Kcnb2,0.535784,134,0
Agpat4,0.534250,135,0
Rcan2,0.533762,136,0
Cnksr2,0.532424,137,0
App,0.526708,138,0
En1,0.517883,139,0
Syt7,0.516167,140,0
Ripor2,0.515238,141,0
Cyth1,0.514251,142,0
Sdk1,0.511561,143,0
Pitpnm3,0.510925,144,0
Dgkz,0.509504,145,0
Pou3f2,0.504432,146,0
Ano6,0.503669,147,0
4930419G24Rik,0.502335,148,0
Phldb2,0.499686,149,0
Shtn1,0.497663,150,0
Colgalt2,0.495062,151,0
Grik3,0.490818,152,0
Lmx1b,0.487151,153,0
Macrod2,0.486968,154,0
Prr16,0.485972,155,0
Prima1,0.484444,156,0
Plekhh2,0.483772,157,0
CT025619.1,0.482911,158,0
Ctnnd2,0.482740,159,0
Zfp462,0.480827,160,0
Ppp2r2b,0.480493,161,1
Itpr1,0.479505,162,1
Gm15398,0.478333,163,0
Grm1,0.477332,164,0
Bsn,0.476919,165,0
Mpp6,0.473723,166,0
Epb41l4a,0.473213,167,0
Gm26905,0.467180,168,0
Osbpl3,0.466022,169,0
Cdh8,0.464384,170,0
Garnl3,0.463683,171,0
Tll1,0.463604,172,0
Igsf21,0.463501,173,0
Specc1,0.462909,174,0
Fhod3,0.462667,175,0
Palm2,0.462120,176,0
Ank1,0.462083,177,0
Lama3,0.461379,178,0
Prkd1,0.460499,179,0
Palmd,0.459257,180,0
Ajap1,0.459147,181,0
Esrrg,0.458490,182,0
Spag5,0.455065,183,0
Nectin3,0.455000,184,0
Fat3,0.454713,185,0
Mir124-2hg,0.453020,186,0
Syt1,0.450295,187,0
Me3,0.449671,188,0
Pkp4,0.448689,189,0
Auts2,0.447238,190,0
Ppfia2,0.446840,191,0
Ndnf,0.446419,192,0
Srgap2,0.446282,193,0
Pde4d,0.443388,194,0
Tox3,0.442852,195,0
Gab2,0.442087,196,0
Cacna1d,0.441930,197,1
Cit,0.440550,198,0
Cdk14,0.440326,199,0
Qk,0.440075,200,0
Osbpl9,0.439031,201,0
Aff3,0.438797,202,0
Crhr1,0.438700,203,0
Tigar,0.437713,204,0
Clgn,0.437312,205,0
Gm16083,0.436427,206,0
Olfm3,0.434809,207,0
AC149090.1,0.434741,208,0
Adcy1,0.434360,209,0
Epha7,0.433613,210,0
Ubash3b,0.432557,211,0
Ica1,0.432204,212,0
Agk,0.432201,213,0
Pknox2,0.431979,214,0
Zswim5,0.430923,215,0
Rerg,0.428616,216,0
Kank4,0.425736,217,0
Plekha5,0.425289,218,0
Mirg,0.425272,219,0
Zfp804a,0.424443,220,0
Rasgef1b,0.424275,221,0
A330008L17Rik,0.423301,222,0
Psd3,0.421987,223,0
Rab3c,0.420334,224,0
0610040J01Rik,0.418914,225,0
St6gal2,0.417490,226,0
Ryr3,0.417439,227,0
Kif21a,0.416373,228,0
Klhl13,0.411773,229,0
Sema6d,0.411759,230,0
Nrip3,0.411516,231,0
Gucy2c,0.410765,232,0
Myo6,0.410592,233,0
Pcsk2,0.409756,234,0
Rsrp1,0.409331,235,0
Tmem196,0.409175,236,0
3300002A11Rik,0.408377,237,0
Rora,0.406068,238,0
Slc10a4,0.405708,239,0
C78859,0.404373,240,0
Rgs7bp,0.402778,241,0
Magi1,0.402566,242,0
Ntng1,0.402450,243,0
Fat4,0.402198,244,0
Ammecr1,0.402106,245,0
St6galnac3,0.401550,246,0
Gpr26,0.400589,247,0
Snx24,0.399617,248,0
Stk39,0.398689,249,0
Gbf1,0.397803,250,0
Adamts6,0.396266,251,0
Slc8a3,0.393497,252,0
Cntn1,0.392865,253,0
Cast,0.392449,254,0
Nlgn1,0.391738,255,0
Lmo4,0.391226,256,0
Zfp618,0.390513,257,0
Cpeb3,0.389446,258,0
Rps6ka3,0.389070,259,0
Mpp7,0.388896,260,0
Gsdme,0.388564,261,0
Arhgap22,0.385878,262,0
Mmp16,0.385527,263,0
Dok6,0.385275,264,0
Ttc14,0.383925,265,0
Trps1,0.382872,266,0
5330434G04Rik,0.381770,267,0
Dock4,0.380136,268,0
Fry,0.379845,269,0
Luzp2,0.378559,270,0
Prkcb,0.378038,271,1
Nrg2,0.376931,272,0
Tenm2,0.376833,273,0
Kcnip3,0.376830,274,0
Reep1,0.376557,275,0
Eps15,0.376359,276,0
Hs3st5,0.375123,277,0
Zfhx4,0.374855,278,0
Chrna6,0.374360,279,0
Itgb8,0.373392,280,0
Glra3,0.373384,281,0
Fam102b,0.372689,282,0
Wasf3,0.371308,283,0
Wipf3,0.370626,284,0
Lyst,0.370600,285,0
Ctdspl,0.369374,286,0
Cers6,0.367683,287,0
Gm37459,0.366795,288,0
D430041D05Rik,0.366328,289,0
Gpatch8,0.365560,290,0
Cdh10,0.364414,291,0
Tfdp2,0.362367,292,0
Arid5b,0.361875,293,0
Dnajc6,0.360975,294,0
Nrn1,0.360293,295,0
Mad1l1,0.359422,296,0
Gm35501,0.358505,297,0
Ablim2,0.358348,298,0
3632451O06Rik,0.358066,299,0
Lsamp,0.357604,300,0
Ror1,0.357419,301,0
Stx8,0.356727,302,0
C230004F18Rik,0.356387,303,0
Gm26873,0.355456,304,0
C230014O12Rik,0.354912,305,0
Cacna2d3,0.354604,306,0
Pcsk1,0.353033,307,0
Pbdc1,0.352954,308,0
Ankrd24,0.352854,309,0
Ldhb,0.352697,310,0
Vsnl1,0.351867,311,0
Cacna1g,0.351757,312,0
Fam167a,0.351708,313,0
Mitf,0.351451,314,0
Map4,0.351354,315,0
Bmpr1b,0.351085,316,0
Sh3gl2,0.350178,317,0
9030622O22Rik,0.349865,318,0
Slc20a1,0.349689,319,0
Ogt,0.348636,320,0
Raph1,0.348634,321,0
Grin2c,0.347983,322,0
Adamts16,0.347840,323,0
Ralyl,0.346162,324,0
Ltbp1,0.345360,325,0
Lhfp,0.345054,326,0
Zbtb38,0.344623,327,0
Foxp2,0.344498,328,0
Clybl,0.343605,329,0
Kif16b,0.342434,330,0
Arhgap5,0.342267,331,0
Stmn2,0.341640,332,0
Frmpd4,0.339875,333,0
Cachd1,0.339840,334,0
L3mbtl4,0.339171,335,0
Mctp2,0.337046,336,0
Chrna4,0.336653,337,0
Cyth3,0.336608,338,0
Prickle2,0.336168,339,0
Slco2a1,0.335514,340,0
Gria2,0.335262,341,1
Glud1,0.335063,342,0
Sphkap,0.334190,343,0
AC165271.1,0.333893,344,0
Adam19,0.333276,345,0
Ctnna1,0.332556,346,0
Osbpl10,0.332394,347,0
Wdr44,0.331180,348,0
Tln2,0.330636,349,0
Nell2,0.330105,350,0
Zfyve28,0.328509,351,0
Rin2,0.328379,352,0
Map2k6,0.327475,353,0
Acss2,0.327198,354,0
Slc1a2,0.327105,355,0
Slitrk4,0.326951,356,0
Cacna1e,0.326378,357,0
St8sia6,0.325822,358,0
Fam196b,0.325700,359,0
Fhit,0.325379,360,0
Slit2,0.325096,361,0
Fam210b,0.324698,362,0
Mylip,0.324280,363,0
Arap2,0.324221,364,0
Trpm3,0.323682,365,0
March11,0.323341,366,0
Whrn,0.318829,367,0
Osbpl11,0.318504,368,0
Hecw1,0.318402,369,0
Agbl4,0.316957,370,0
Vill,0.316637,371,0
Lbh,0.314462,372,0
Rasal2,0.313689,373,0
Ptar1,0.312521,374,0
Pantr1,0.312472,375,0
Pdgfc,0.312196,376,0
Gm45645,0.312077,377,0
Gm2163,0.310319,378,0
Gm28153,0.309406,379,0
March4,0.306739,380,0
Smarca2,0.304873,381,0
Mfsd6,0.304792,382,0
Lmo3,0.304436,383,0
Gm40841,0.304376,384,0
Rasa2,0.303764,385,0
Lnpep,0.302963,386,0
Limch1,0.301701,387,0
Cdc42ep3,0.301661,388,0
Scn3a,0.300071,389,0
Cyyr1,0.299905,390,0
Rps6kc1,0.297174,391,0
Naaladl2,0.296086,392,0
Lekr1,0.296010,393,0
Ptprr,0.295698,394,0
Klf8,0.295146,395,0
Aldh1a1,0.294519,396,0
Gm26936,0.293447,397,0
Pappa,0.292849,398,0
St6gal1,0.292467,399,0
Ebf3,0.292122,400,0
Chl1,0.291819,401,0
Myh14,0.288193,402,0
Sipa1l1,0.288166,403,0
Mboat1,0.287874,404,0
Gprin3,0.287092,405,0
Las1l,0.285933,406,0
Runx2,0.285832,407,0
Flt3,0.284667,408,0
Lgr4,0.283138,409,0
Rgs11,0.282567,410,0
Vit,0.282544,411,0
Fam204a,0.282416,412,0
Alk,0.282041,413,0
Mindy2,0.280309,414,0
Ttc12,0.279653,415,0
Upp2,0.279486,416,0
Cnpy1,0.279210,417,0
Klhl32,0.279112,418,0
Bclaf3,0.278938,419,0
Sytl2,0.278776,420,0
Neo1,0.278603,421,0
Pitpnc1,0.278410,422,0
Arhgef28,0.278167,423,0
Arhgef9,0.276797,424,0
Atp1a3,0.276714,425,0
Myo10,0.276679,426,0
Acer2,0.276198,427,0
Bend6,0.275457,428,0
Uncx,0.275017,429,0
Mgat5b,0.274412,430,0
Bcar3,0.274267,431,0
Tmem232,0.274206,432,0
Lactb2,0.272746,433,0
Sept6,0.272575,434,0
Arfgef3,0.272221,435,0
Amotl1,0.271857,436,0
Actr3b,0.271692,437,0
Pdlim5,0.271675,438,0
Grin2d,0.270979,439,0
Plekhh1,0.270051,440,0
Snca,0.269901,441,0
Peg3,0.269719,442,0
Evi5,0.268603,443,0
C130021I20Rik,0.267166,444,0
Tspan5,0.266981,445,0
Zdhhc2,0.266052,446,0
Tbl1xr1,0.265808,447,0
Slc39a12,0.265297,448,0
Nek1,0.265040,449,0
9330182L06Rik,0.264475,450,0
Heatr5a,0.263942,451,0
Gm17359,0.263393,452,0
Gm35188,0.263015,453,0
Rras2,0.261568,454,0
A430106G13Rik,0.261329,455,0
Nlk,0.260789,456,0
4921534H16Rik,0.260716,457,0
Mtus1,0.260675,458,0
Arnt,0.260239,459,0
Mctp1,0.260165,460,0
Pdzrn3,0.260143,461,0
Nrcam,0.259965,462,0
Gm11149,0.259582,463,0
4930578G10Rik,0.259136,464,0
Bckdhb,0.257918,465,0
Dok5,0.257566,466,0
Nav3,0.256278,467,0
Usp25,0.256197,468,0
Gm27032,0.255880,469,0
Inpp5k,0.255512,470,0
Rassf8,0.255319,471,0
Sh3bgrl2,0.255010,472,0
Etl4,0.254819,473,0
Ell2,0.254321,474,0
Med12l,0.253286,475,0
Sybu,0.252870,476,0
Dusp15,0.252560,477,0
Garem1,0.251491,478,0
Gm2164,0.249852,479,0
Rbm20,0.249676,480,0
Gm42397,0.248963,481,0
St8sia1,0.247393,482,0
Khdrbs2,0.247186,483,0
Mapre2,0.246587,484,0
Ptchd4,0.246394,485,0
Gm12394,0.246305,486,0
Gfpt2,0.245583,487,0
Tlk1,0.245407,488,0
Slc6a15,0.245058,489,0
Tshz1,0.244971,490,0
Lgi1,0.243517,491,0
Tbc1d2,0.243197,492,0
Osbpl1a,0.243106,493,0
Kctd1,0.242584,494,0
Lncbate1,0.242274,495,0
Tacr1,0.242100,496,0
Bicd1,0.242004,497,0
Azin2,0.241654,498,0
L3mbtl3,0.241545,499,0
Gm26804,0.241530,500,0
Gm44593,0.241509,501,0
Gpcpd1,0.241352,502,0
Mapk9,0.241312,503,1
Raver2,0.241050,504,0
Pnrc1,0.240652,505,0
Yae1d1,0.240537,506,0
Rap1b,0.240476,507,0
Adamts17,0.240471,508,0
Gfra1,0.240291,509,0
Ispd,0.240105,510,0
Gnaq,0.240049,511,1
Plek2,0.239521,512,0
Iqgap2,0.239356,513,0
Hmbox1,0.239108,514,0
Sfxn3,0.238940,515,0
Lnx1,0.238385,516,0
Scube1,0.238265,517,0
Mast4,0.238136,518,0
Dscaml1,0.237918,519,0
Gmpr,0.237650,520,0
Gpm6b,0.237102,521,0
Hunk,0.236868,522,0
AC159282.1,0.236247,523,0
Hmgcr,0.235832,524,0
Ror2,0.235817,525,0
Fgf20,0.235042,526,0
Zc3hav1,0.235031,527,0
Nostrin,0.234928,528,0
Ppargc1a,0.233978,529,0
Slc16a9,0.233933,530,0
Ppm1e,0.233838,531,0
Tubd1,0.233558,532,0
Vwa8,0.233536,533,0
Hmgn3,0.233477,534,0
9530036O11Rik,0.233275,535,0
Bcan,0.233137,536,0
C79798,0.232047,537,0
Tcp11l1,0.231512,538,0
Lmcd1,0.230058,539,0
Fgfr1,0.228683,540,0
Snrk,0.228672,541,0
2010300C02Rik,0.228378,542,0
Akap13,0.227511,543,0
Prkdc,0.227294,544,0
Nr6a1,0.226491,545,0
Pparg,0.226291,546,0
Agfg1,0.226098,547,0
Snx25,0.225759,548,0
Il13ra1,0.225474,549,0
Pam,0.225054,550,0
Acsl3,0.224632,551,0
Galm,0.224566,552,0
Pigk,0.223984,553,0
Sclt1,0.223897,554,0
Ano10,0.223751,555,0
Ptpn3,0.223488,556,0
Mkx,0.223300,557,0
Lin7a,0.222853,558,0
Cyp51,0.222686,559,0
Gm30085,0.222069,560,0
AC154683.1,0.221770,561,0
Platr31,0.221418,562,0
9430041J12Rik,0.221009,563,0
Edem3,0.220548,564,0
Slc22a15,0.220132,565,0
Tdrd5,0.220057,566,0
Nup93,0.219888,567,0
Luzp1,0.219884,568,0
Ankrd28,0.218987,569,0
Pde8a,0.218958,570,0
Ano4,0.218887,571,0
Grk5,0.218738,572,0
Laptm4b,0.218689,573,0
Rgma,0.218383,574,0
Plch1,0.218185,575,0
Pitx3,0.217866,576,0
Flrt3,0.217838,577,0
Rsu1,0.217534,578,0
Mtus2,0.217147,579,0
Msrb3,0.217082,580,0
Nipal2,0.216974,581,0
Kctd6,0.216970,582,0
Grhl1,0.216924,583,0
Ntng2,0.216604,584,0
Adrb1,0.216565,585,0
Gm48166,0.216092,586,0
Gm20319,0.216022,587,0
Nr3c2,0.215974,588,0
Clip1,0.215931,589,0
Hmgcs1,0.215810,590,0
Gm2824,0.214773,591,0
Plce1,0.214581,592,0
Gnal,0.214106,593,1
Lima1,0.213658,594,0
Ypel2,0.213404,595,0
Exph5,0.212644,596,0
Vps13a,0.212422,597,0
Syt9,0.211951,598,0
Tanc1,0.211447,599,0
Slc44a1,0.211436,600,0
Kcna2,0.211195,601,0
Spata6,0.210733,602,0
Rarb,0.210024,603,0
Ifitm10,0.209603,604,0
Serinc5,0.208925,605,0
Necab3,0.208894,606,0
Pdcd4,0.208742,607,0
Slc41a2,0.208674,608,0
Insig1,0.208616,609,0
D130043K22Rik,0.207724,610,0
Slc16a10,0.207700,611,0
Bdnf,0.207688,612,0
Sgpp2,0.207547,613,0
Uap1,0.207324,614,0
Esrra,0.207078,615,0
Morc4,0.206819,616,0
Tuft1,0.206648,617,0
4933411O13Rik,0.206626,618,0
Pakap,0.205640,619,0
Pou3f3,0.205616,620,0
Itga9,0.205295,621,0
Larp1b,0.205095,622,0
2700069I18Rik,0.204707,623,0
Diras2,0.204521,624,0
Fat1,0.204104,625,0
9430037G07Rik,0.203354,626,0
Gm11655,0.203310,627,0
C130071C03Rik,0.203108,628,0
Gm13963,0.202947,629,0
Frs2,0.202902,630,0
Narf,0.202720,631,0
Hacd1,0.202199,632,0
A930012L18Rik,0.201525,633,0
Smpx,0.200932,634,0
Afap1,0.200299,635,0
Epas1,0.200249,636,0
Egfem1,0.200183,637,0
Chd7,0.199825,638,0
Myt1,0.199545,639,0
Aldh1a7,0.199429,640,0
Zc2hc1a,0.199251,641,0
Sppl2a,0.198885,642,0
Btbd3,0.198699,643,0
Lrrk2,0.198565,644,0
1700111E14Rik,0.198415,645,0
Cacna2d4,0.197666,646,0
H2-T22,0.197435,647,0
Ncoa3,0.197330,648,0
Grb14,0.197170,649,0
Gm26691,0.197036,650,0
4732471J01Rik,0.196895,651,0
Ltk,0.196668,652,0
Tmem241,0.196376,653,0
Gm29530,0.196108,654,0
Cpne8,0.195944,655,0
A330102I10Rik,0.195905,656,0
Add3,0.195771,657,0
Ermp1,0.195027,658,0
Jph1,0.194352,659,0
Fgfr2,0.194339,660,0
Cacnb4,0.194159,661,0
Ccser2,0.194108,662,0
Begain,0.194022,663,0
Ankrd29,0.193978,664,0
Rai14,0.193971,665,0
Srpx2,0.193496,666,0
6030443J06Rik,0.193365,667,0
Lpp,0.193125,668,0
Gm28050,0.192971,669,0
Gm36388,0.192595,670,0
4921518K17Rik,0.192117,671,0
En2,0.191783,672,0
Msmo1,0.191591,673,0
Pcx,0.191465,674,0
Dock2,0.190946,675,0
Dync1i1,0.190629,676,0
Prss12,0.190299,677,0
Pgap1,0.190072,678,0
Gm11817,0.189869,679,0
Ncapd3,0.189325,680,0
Cntln,0.188977,681,0
B230118H07Rik,0.188379,682,0
Chrna5,0.188372,683,0
Gm47134,0.188240,684,0
Rassf3,0.188232,685,0
Cacna1a,0.187855,686,1
Parm1,0.187236,687,0
Srpk2,0.187141,688,0
2900097C17Rik,0.187132,689,0
Ntn4,0.187079,690,0
Ncoa7,0.186825,691,0
Krt222,0.186618,692,0
Gm39185,0.186247,693,0
Ckb,0.186178,694,0
3110021N24Rik,0.185967,695,0
Chst10,0.185505,696,0
Pdzd8,0.185304,697,0
Hcrtr1,0.185189,698,0
Trim43c,0.185123,699,0
Rnf128,0.184980,700,0
Tesk2,0.184865,701,0
Gm28376,0.184732,702,0
Jam2,0.184619,703,0
Adamts20,0.184464,704,0
Frmd3,0.184248,705,0
Man1a2,0.184020,706,0
Cab39,0.183980,707,0
Chn2,0.183464,708,0
Gm2117,0.183434,709,0
Gm8206,0.183286,710,0
Tagln3,0.183281,711,0
Mpc1,0.182570,712,0
Wrn,0.181974,713,0
Oprk1,0.181951,714,0
Pfkfb3,0.181930,715,0
Megf9,0.181594,716,0
Elovl7,0.181307,717,0
Neurl1b,0.181276,718,0
2610027F03Rik,0.181046,719,0
Gm28175,0.180715,720,0
Elf2,0.180264,721,0
Rnf207,0.180233,722,0
Rps6ka1,0.180006,723,0
Diaph1,0.179690,724,0
St3gal6,0.179677,725,0
2810032G03Rik,0.179481,726,0
Nrg4,0.179346,727,0
Styk1,0.178681,728,0
Ubl3,0.178627,729,0
7420701I03Rik,0.178553,730,0
Cpeb2,0.177878,731,0
Mgst3,0.177842,732,0
Trim71,0.177718,733,0
C230034O21Rik,0.177670,734,0
Itgae,0.177068,735,0
Pip5kl1,0.176220,736,0
Nars2,0.175794,737,0
Ldlr,0.175655,738,0
Taf4b,0.175616,739,0
Dpf3,0.175434,740,0
Depdc5,0.175429,741,0
Stmn3,0.175177,742,0
Fam241a,0.174876,743,0
Cd46,0.174689,744,0
Lin28b,0.174676,745,0
Sncg,0.174518,746,0
Iqcm,0.174490,747,0
AI481877,0.174442,748,0
1700061I17Rik,0.174384,749,0
Rab11fip1,0.173775,750,0
Acvr1,0.173501,751,0
Myo15,0.173306,752,0
Zfp943,0.173186,753,0
Gm31508,0.172690,754,0
Igsf9b,0.172434,755,0
Tas1r1,0.172373,756,0
Nedd9,0.172205,757,0
Cdk17,0.171735,758,0
Cdkal1,0.170526,759,0
Dnajc17,0.170180,760,0
AC154546.2,0.169998,761,0
Dhcr24,0.169879,762,0
Gm46102,0.169607,763,0
Mapk12,0.169240,764,1
Col4a3bp,0.169028,765,0
Sacs,0.168904,766,0
Epb41,0.168761,767,0
Cds1,0.167901,768,0
Mcf2,0.167414,769,0
Optn,0.167266,770,0
Plxna4os3,0.167238,771,0
Fbln5,0.167171,772,0
Tmprss5,0.166977,773,0
Fbxo34,0.166398,774,0
1700019D03Rik,0.166365,775,0
Chrna3,0.166353,776,0
Rasd2,0.165468,777,0
Pgk1,0.165086,778,0
Kat6b,0.165074,779,0
Ccdc28a,0.165044,780,0
Tmem150c,0.164904,781,0
Lrrtm2,0.164556,782,0
Fam3c,0.164533,783,0
Gldn,0.164309,784,0
Lrtm1,0.164241,785,0
Gm15417,0.164234,786,0
Fam171b,0.163948,787,0
Habp4,0.163612,788,0
Hmcn1,0.163341,789,0
Gm34609,0.162834,790,0
Arrdc3,0.161974,791,0
Focad,0.161614,792,0
Tango2,0.161509,793,0
Nfyc,0.161380,794,0
Trim43a,0.161253,795,0
Limd1,0.161239,796,0
Gm14377,0.160573,797,0
4930556J24Rik,0.160533,798,0
Col26a1,0.160458,799,0
Atp1b3,0.160244,800,0
Gm7694,0.160023,801,0
Prtg,0.159669,802,0
Ttll7,0.159200,803,0
Foxa1,0.158914,804,0
Dkk3,0.158576,805,0
Nkd2,0.158383,806,0
Mrc1,0.158381,807,0
Adamts10,0.158289,808,0
Gm46329,0.158237,809,0
Vmn2r87,0.157959,810,0
Shisa4,0.157940,811,0
Slc22a14,0.157581,812,0
1700112D23Rik,0.157450,813,0
Hspa12a,0.157316,814,0
Stard5,0.156951,815,0
Zw10,0.156934,816,0
Rttn,0.156558,817,0
Mgat4a,0.156446,818,0
Mecr,0.156416,819,0
Ahr,0.156366,820,0
D730003I15Rik,0.156333,821,0
A830082K12Rik,0.156177,822,0
Scn2a,0.155983,823,0
Pgm2l1,0.155792,824,0
Asph,0.155366,825,0
Lin52,0.155139,826,0
Itgav,0.155124,827,0
Gm10827,0.155079,828,0
Adam22,0.154864,829,0
A730056A06Rik,0.154728,830,0
Nhsl1,0.154679,831,0
Fbn1,0.154468,832,0
Mettl15,0.154432,833,0
Usp3,0.153798,834,0
Kidins220,0.153668,835,0
Galnt9,0.153459,836,0
Gm4221,0.153417,837,0
Hs3st1,0.153374,838,0
Skap2,0.153345,839,0
Lmln,0.153223,840,0
Ptpn21,0.153102,841,0
A830009L08Rik,0.152546,842,0
Psg16,0.152486,843,0
Gm16183,0.152440,844,0
Cep70,0.152350,845,0
Myo5a,0.152068,846,0
Tmem47,0.152053,847,0
Bcas3,0.152034,848,0
Ripk2,0.152021,849,0
Atp5o,0.151898,850,0
Mdh1,0.151723,851,0
Cpe,0.151499,852,0
Vcl,0.151224,853,0
Gm39244,0.151090,854,0
Wdr25,0.150144,855,0
B830012L14Rik,0.150075,856,0
Psmb7,0.149425,857,0
4933412O06Rik,0.149165,858,0
Idi1,0.148980,859,0
Crot,0.148892,860,0
Cdkl2,0.148668,861,0
Plpp1,0.148364,862,0
Gm38407,0.148241,863,0
Itpr2,0.148221,864,1
E330013P04Rik,0.148084,865,0
Prkaa2,0.148021,866,0
Cdk6,0.147511,867,0
Tle4,0.147339,868,0
Fdft1,0.147113,869,0
Rapgef4os1,0.146922,870,0
Fgf9,0.146738,871,0
Fam126a,0.146611,872,0
Ankrd9,0.146300,873,0
Prdm5,0.146196,874,0
Mthfs,0.146013,875,0
Spx,0.146009,876,0
Lmbr1,0.145973,877,0
Plk4,0.145932,878,0
Snrpn,0.145917,879,0
Pzp,0.145802,880,0
Cd55,0.144851,881,0
Plekhg3,0.144525,882,0
Gm7854,0.144513,883,0
Pik3c2g,0.144296,884,0
Acyp2,0.144277,885,0
Fam13c,0.144185,886,0
Lair1,0.144044,887,0
Ccdc28b,0.143930,888,0
Dtnbp1,0.143907,889,0
Tbc1d8b,0.143883,890,0
Slc16a6,0.143685,891,0
Ppm1k,0.143549,892,0
Phlpp1,0.143074,893,0
Msh3,0.142937,894,0
Lcp1,0.142909,895,0
Rtl4,0.142884,896,0
Trp53inp2,0.142058,897,0
Pcmtd2,0.142034,898,0
Rnf213,0.141790,899,0
Cox19,0.141649,900,0
Blm,0.141576,901,0
Pcbd2,0.141361,902,0
Hltf,0.141246,903,0
Atp5a1,0.140968,904,0
Lclat1,0.140786,905,0
Gm20629,0.140445,906,0
Tmem218,0.140315,907,0
Fam84b,0.140034,908,0
4930452B06Rik,0.139973,909,0
4930567K20Rik,0.139674,910,0
Gm12511,0.139518,911,0
Actr2,0.139397,912,0
Cryl1,0.139232,913,0
Cpeb1,0.139223,914,0
Rbms2,0.138089,915,0
Gm35419,0.138046,916,0
Mif,0.137704,917,0
Cdyl2,0.137544,918,0
Dmac2,0.137510,919,0
Gm13710,0.137074,920,0
Got1,0.137039,921,0
Mab21l3,0.136880,922,0
Prune2,0.136505,923,0
Gm3234,0.136184,924,0
Thap12,0.135477,925,0
Enox2,0.135401,926,0
Hps3,0.134909,927,0
Parvb,0.134872,928,0
Gab3,0.134606,929,0
Gm43154,0.134482,930,0
Cab39l,0.134253,931,0
Hells,0.134115,932,0
Cubn,0.134100,933,0
Acbd4,0.134085,934,0
AW549877,0.134064,935,0
Atp8b4,0.134010,936,0
Kank1,0.133683,937,0
Gm10600,0.133538,938,0
Ehd4,0.133234,939,0
Cwh43,0.133225,940,0
Map1lc3a,0.133182,941,0
Pcsk2os1,0.133053,942,0
Tmod3,0.132943,943,0
Elmod1,0.132867,944,0
Fgf1,0.132695,945,0
Slc9b2,0.132600,946,0
Tmem207,0.132442,947,0
Gm15943,0.132187,948,0
Gk,0.132013,949,0
St5,0.131898,950,0
Gm10373,0.131803,951,0
Abhd5,0.131481,952,0
Gm15679,0.131463,953,0
Stmn1,0.131367,954,0
Vgll4,0.131279,955,0
Arhgdig,0.130936,956,0
Ranbp17,0.130931,957,0
Inhbb,0.130930,958,0
Twf1,0.130796,959,0
Cd164l2,0.130724,960,0
Mturn,0.130682,961,0
Pygb,0.130607,962,0
Mitd1,0.130148,963,0
AC161165.4,0.130136,964,0
Magee1,0.129569,965,0
Stat6,0.129544,966,0
Atxn7,0.129538,967,0
Tnfsf4,0.129445,968,0
Platr25,0.129336,969,0
Asrgl1,0.129141,970,0
Lyrm1,0.129068,971,0
Gm13883,0.129058,972,0
1700084C06Rik,0.128902,973,0
4930533B01Rik,0.128847,974,0
Arhgef37,0.128804,975,0
6720489N17Rik,0.128792,976,0
Ostf1,0.128496,977,0
Papolg,0.128461,978,0
Mtmr11,0.128445,979,0
2810049E08Rik,0.128380,980,0
Shroom2,0.128150,981,0
1110019D14Rik,0.127891,982,0
A930016O22Rik,0.127883,983,0
Gm35549,0.127553,984,0
Gm14412,0.126887,985,0
Chchd10,0.126578,986,0
Scd2,0.126478,987,0
Gm39033,0.126338,988,0
Stx3,0.126336,989,0
Coro6,0.125882,990,0
Carnmt1,0.125779,991,0
Gm26797,0.125768,992,0
Hace1,0.125736,993,0
Appl2,0.125689,994,0
Lgi2,0.125581,995,0
Rab27b,0.125260,996,0
Aktip,0.124952,997,0
Zadh2,0.124916,998,0
Aass,0.124721,999,0
Spg11,0.124622,1000,0
C030047K22Rik,0.124600,1001,0
Nod1,0.124311,1002,0
Wasf1,0.124299,1003,0
Pms1,0.124055,1004,0
Gm47872,0.123570,1005,0
Mettl27,0.123410,1006,0
Zfp467,0.123164,1007,0
Suclg2,0.123146,1008,0
Hebp2,0.122855,1009,0
Tmc7,0.122794,1010,0
Scrn3,0.122747,1011,0
Cyp2j6,0.122660,1012,0
Slk,0.122581,1013,0
Ppa2,0.122283,1014,0
Emc9,0.122221,1015,0
Ano3,0.122016,1016,0
Csnk1g3,0.121683,1017,0
Gm39090,0.121643,1018,0
Gm48003,0.121556,1019,0
Coq10b,0.121537,1020,0
Gm15675,0.121493,1021,0
Lmo2,0.121331,1022,0
Trnt1,0.121321,1023,0
Ccnd3,0.121043,1024,0
Rtn4r,0.120986,1025,0
Insr,0.120710,1026,0
Vmn2r85,0.120557,1027,0
Ctxn2,0.120398,1028,0
Uhmk1,0.120372,1029,0
A330074K22Rik,0.120336,1030,0
Gm49226,0.120318,1031,0
Gm38825,0.120163,1032,0
Rab37,0.119751,1033,0
Ano1,0.119661,1034,0
Rab13,0.119336,1035,0
Aldh1b1,0.118975,1036,0
Hhipl1,0.118783,1037,0
Ogdh,0.118426,1038,0
Mat2b,0.118063,1039,0
Selenov,0.118008,1040,0
Trp73,0.117818,1041,0
Tmem9b,0.117743,1042,0
Gpr12,0.117602,1043,0
Ly96,0.117602,1044,0
4933416M07Rik,0.117574,1045,0
B4galt4,0.117349,1046,0
Zfp946,0.117053,1047,0
1700108J01Rik,0.117053,1048,0
Gm48239,0.116647,1049,0
Gm40604,0.116628,1050,0
Gm16193,0.116436,1051,0
Gm10822,0.116281,1052,0
Hey1,0.116069,1053,0
Celrr,0.116029,1054,0
Kctd9,0.115871,1055,0
Ubxn2a,0.115464,1056,0
Hsd17b12,0.115179,1057,0
Atp1b1,0.115169,1058,0
Pcsk2os2,0.115119,1059,0
Asah2,0.114701,1060,0
Pmvk,0.114682,1061,0
Tank,0.114642,1062,0
Gm47136,0.114453,1063,0
Eid1,0.114297,1064,0
Mms22l,0.114266,1065,0
Tmem200c,0.114144,1066,0
Gm31152,0.114103,1067,0
Gm15991,0.113994,1068,0
F12,0.113915,1069,0
Caly,0.113759,1070,1
Lynx1,0.113544,1071,0
Cped1,0.113499,1072,0
B230303O12Rik,0.113206,1073,0
Serinc3,0.112665,1074,0
Plag1,0.112617,1075,0
Unc80,0.112546,1076,0
Smim10l1,0.112280,1077,0
Tceal5,0.112147,1078,0
Kyat3,0.112066,1079,0
Nmrk1,0.111787,1080,0
Abcc6,0.111723,1081,0
Akr1b10,0.111583,1082,0
St8sia5,0.111498,1083,0
Ppcdc,0.111432,1084,0
Tet1,0.111412,1085,0
C230037L18Rik,0.111333,1086,0
Pcdh18,0.111329,1087,0
9130015G15Rik,0.111275,1088,0
Pls3,0.111033,1089,0
Gm37168,0.110957,1090,0
Gm26859,0.110802,1091,0
Ppt1,0.110782,1092,0
4930570B17Rik,0.110539,1093,0
Ywhah,0.110472,1094,0
Eogt,0.110377,1095,0
Spin2c,0.110179,1096,0
Zfp811,0.110077,1097,0
5033430I15Rik,0.110075,1098,0
Hykk,0.110061,1099,0
Fhl2,0.110039,1100,0
Stac2,0.109763,1101,0
Ezh2,0.109438,1102,0
Impa2,0.109293,1103,0
Gm43221,0.109133,1104,0
Cldn1,0.108927,1105,0
Mdga1,0.108595,1106,0
Dynlrb1,0.108522,1107,0
Arhgap29,0.108414,1108,0
Il15ra,0.108244,1109,0
6430550D23Rik,0.107965,1110,0
Fra10ac1,0.107635,1111,0
Gm47712,0.107590,1112,0
Enho,0.107481,1113,0
Gm29480,0.107454,1114,0
Lrrc55,0.107413,1115,0
Tlcd2,0.107332,1116,0
Lipo3,0.107046,1117,0
Derl3,0.106954,1118,0
Gm10516,0.106950,1119,0
Slc25a21,0.106925,1120,0
Acot9,0.106787,1121,0
Numb,0.106540,1122,0
Sync,0.106497,1123,0
Ifitm7,0.106433,1124,0
Flt4,0.106247,1125,0
Syt4,0.106023,1126,0
Dars2,0.106001,1127,0
Cul4b,0.105986,1128,0
Wdr62,0.105805,1129,0
Gm15631,0.105686,1130,0
Etfdh,0.105503,1131,0
Cep128,0.105400,1132,0
1500009L16Rik,0.104803,1133,0
Wdr59,0.104765,1134,0
Kctd18,0.104674,1135,0
Gns,0.104565,1136,0
Dclre1a,0.104301,1137,0
Tmprss15,0.104242,1138,0
Hes1,0.103848,1139,0
Zfp503,0.103788,1140,0
Gm11639,0.103578,1141,0
P4ha1,0.103571,1142,0
Pik3c2a,0.103533,1143,0
Adrb3,0.103507,1144,0
Gm38392,0.103377,1145,0
Dhcr7,0.103347,1146,0
Acad10,0.103329,1147,0
Gm29543,0.103234,1148,0
Gm31333,0.103217,1149,0
Rtkn,0.102544,1150,0
Rest,0.102413,1151,0
Fam189a2,0.102400,1152,0
Pgam1,0.102160,1153,0
C1galt1,0.102078,1154,0
Hsd17b7,0.101978,1155,0
Gm49361,0.101679,1156,0
Gstt2,0.101538,1157,0
Gm26611,0.101529,1158,0
Dcbld1,0.101487,1159,0
Syap1,0.101420,1160,0
Trp53inp1,0.101418,1161,0
Aph1c,0.101169,1162,0
Pla2g12a,0.100867,1163,0
Gm15396,0.100853,1164,0
Cck,0.100779,1165,0
Nudt13,0.100708,1166,0
Got1l1,0.100608,1167,0
Ubac1,0.100500,1168,0
Gm11884,0.100451,1169,0
Slc25a16,0.100230,1170,0
Zfp977,0.100224,1171,0
Usp9y,0.100106,1172,0
Gm47371,0.099647,1173,0
Gm30731,0.099646,1174,0
Hrh2,0.099617,1175,0
Alpk1,0.099609,1176,0
Synm,0.099484,1177,0
Ly75,0.099409,1178,0
Caprin2,0.099192,1179,0
Gm21119,0.099091,1180,0
Foxa2,0.098877,1181,0
Fkbp14,0.098529,1182,0
Smyd4,0.098510,1183,0
Pnpla3,0.098484,1184,0
Cep78,0.098379,1185,0
Susd5,0.098252,1186,0
Wdr27,0.098003,1187,0
Lipa,0.097848,1188,0
Terb1,0.097275,1189,0
Gm34590,0.096856,1190,0
Rrn3,0.096734,1191,0
Kynu,0.096485,1192,0
Gm44696,0.096438,1193,0
Has1,0.096325,1194,0
Stard4,0.096010,1195,0
Leng9,0.095824,1196,0
Plvap,0.095804,1197,0
Gm26782,0.095752,1198,0
Ubtd2,0.095678,1199,0
Glod5,0.095438,1200,0
Pus7l,0.095428,1201,0
Mrpl16,0.095399,1202,0
Mrpl42,0.095375,1203,0
Pxmp2,0.095293,1204,0
Wnt10b,0.095270,1205,0
BC030500,0.095195,1206,0
Nhlrc2,0.094954,1207,0
Ankrd37,0.094926,1208,0
Ivd,0.094924,1209,0
Gm3604,0.094763,1210,0
Atp5d,0.094725,1211,0
Fkbp1b,0.094576,1212,0
Cmbl,0.094504,1213,0
Rnasel,0.094090,1214,0
BC046251,0.093959,1215,0
Zfp930,0.093904,1216,0
Zfp367,0.093671,1217,0
Unc5cl,0.093618,1218,0
Gm16638,0.093554,1219,0
AC154428.1,0.093456,1220,0
Nanos2,0.093351,1221,0
Gm48956,0.093263,1222,0
Isoc2a,0.093256,1223,0
D1Ertd622e,0.092895,1224,0
Opn3,0.092756,1225,0
Fads2,0.092444,1226,0
Irak4,0.092383,1227,0
Selenbp2,0.092195,1228,0
Arhgef15,0.092177,1229,0
Chsy1,0.092156,1230,0
Jhy,0.092108,1231,0
Pkd1l3,0.091995,1232,0
Vstm5,0.091955,1233,0
Zfp941,0.091722,1234,0
Ceacam2,0.091630,1235,0
Gpd2,0.091601,1236,0
Atad2,0.091489,1237,0
Hnmt,0.091281,1238,0
Orc1,0.091056,1239,0
Zfp54,0.090974,1240,0
Chmp2b,0.090943,1241,0
Ddit3,0.090901,1242,0
Fxyd7,0.090678,1243,0
Gm15319,0.090611,1244,0
Gm13530,0.090587,1245,0
Bhlhe41,0.089905,1246,0
Mterf2,0.089641,1247,0
Fancg,0.089590,1248,0
Slc12a1,0.089515,1249,0
Tspan13,0.089185,1250,0
Adcy10,0.088608,1251,0
Gramd3,0.088469,1252,0
Cldn34c1,0.088343,1253,0
Zfp110,0.088066,1254,0
Hic2,0.088026,1255,0
Cdrt4,0.087987,1256,0
Abracl,0.087790,1257,0
Itga8,0.087340,1258,0
Gm15581,0.087322,1259,0
Eps8l1,0.087292,1260,0
Slc47a1,0.087262,1261,0
Gm20219,0.087186,1262,0
Fhdc1,0.087057,1263,0
Il23r,0.087051,1264,0
Fabp5,0.086947,1265,0
Acat2,0.086816,1266,0
Nefh,0.086798,1267,0
AC155255.1,0.086668,1268,0
Dll1,0.086611,1269,0
Gss,0.086598,1270,0
Dbi,0.086246,1271,0
Amotl2,0.085753,1272,0
Slc16a3,0.085043,1273,0
Gm15563,0.084960,1274,0
Zfp808,0.084818,1275,0
Kank3,0.084797,1276,0
Gm16000,0.084468,1277,0
Nuak2,0.084372,1278,0
Itgb3,0.084143,1279,0
Lyrm9,0.084040,1280,0
Chil6,0.084013,1281,0
Cdca7l,0.083900,1282,0
Runx2os1,0.083806,1283,0
Atp1a1,0.083704,1284,0
Fyb2,0.083322,1285,0
Gm27027,0.083239,1286,0
Fabp3,0.083160,1287,0
Ccng1,0.083140,1288,0
Gm26756,0.083134,1289,0
Dcbld2,0.083111,1290,0
Slc25a4,0.083106,1291,0
Wdr95,0.083016,1292,0
Tpgs2,0.082792,1293,0
Trim7,0.082752,1294,0
Taldo1,0.082368,1295,0
Arl4c,0.082334,1296,0
2810404M03Rik,0.082199,1297,0
Foxj2,0.081817,1298,0
Btg2,0.081669,1299,0
Nudt7,0.081540,1300,0
Cyp39a1,0.081478,1301,0
Ociad2,0.081441,1302,0
Gm16251,0.081152,1303,0
Kcnj11,0.081122,1304,0
4930503L19Rik,0.080898,1305,0
Recql,0.080849,1306,0
Enc1,0.080307,1307,0
Gm49359,0.080227,1308,0
A830092H15Rik,0.079928,1309,0
Capn1,0.079733,1310,0
Tob1,0.079694,1311,0
Kat14,0.079655,1312,0
Shh,0.079642,1313,0
Gm31371,0.078374,1314,0
Gm4117,0.078303,1315,0
Gm16178,0.078188,1316,0
Gm47882,0.078182,1317,0
Slc4a2,0.078162,1318,0
Gssos1,0.078160,1319,0
Irf2bpl,0.078083,1320,0
Map2k3os,0.077721,1321,0
Nsun6,0.076941,1322,0
9930012K11Rik,0.076423,1323,0
Pigz,0.076303,1324,0
Cdk5rap2,0.075883,1325,0
Gm3693,0.075173,1326,0
Slco4c1,0.074803,1327,0
Slc16a11,0.074436,1328,0
Tmprss7,0.073431,1329,0
Tfr2,0.073406,1330,0
Clcn1,0.073391,1331,0
Rnaseh2b,0.073264,1332,0
2810425M01Rik,0.072264,1333,0
Aph1b,0.071966,1334,0
Gpsm2,0.071896,1335,0
Smim13,0.071547,1336,0
Blvrb,0.070382,1337,0
Gm35835,0.068516,1338,0
Gm16062,0.067164,1339,0
A2ml1,0.066843,1340,0
Pld2,0.066089,1341,0
Vps36,0.065956,1342,0
Slc46a2,0.065951,1343,0
Prdx5,0.065321,1344,0
Nrsn1,0.063014,1345,0
Ybx2,0.061276,1346,0
4930458D05Rik,0.061049,1347,0
Ccdc71l,0.060115,1348,0
Pml,0.059977,1349,0
4930525G20Rik,0.050534,1350,0
Zfand2b,0.050043,1351,0
Gm40652,0.017799,1352,0
