"gene1","gene2","tom"
"Cacna1d","Kcnj6",0.121816748693315
"Cacna1d","Drd2",0.143821184005175
"Cacna1d","Gabbr2",0.08777655411608
"Cacna1d","Nr4a2",0.112116877113685
"Cacna1d","Kcnn3",0.131468086822601
"Cacna1d","Klhl1",0.121315521798407
"Cacna1d","Robo2",0.127063128169187
"Cacna1d","Rgs6",0.125508663062383
"Cacna1d","Pbx1",0.121928045285237
"Cacna1d","9530059O14Rik",0.129605634415675
"Cacna1d","Nos1ap",0.134159840243092
"Cacna1d","Frmd4b",0.131414844565997
"Cacna1d","Pex5l",0.126605900658455
"Cacna1d","Sgcz",0.133177123029694
"Cacna1d","Csmd1",0.122652972565873
"Cacna1d","Elavl2",0.12454543791888
"Cacna1d","Adarb2",0.122488104154401
"Cacna1d","Zfhx3",0.134815371989011
"Cacna1d","Col25a1",0.123037548729194
"Cacna1d","Slc35f1",0.112372763298808
"Kcnj6","Drd2",0.217969724236685
"Kcnj6","Gabbr2",0.179143077481176
"Kcnj6","Nr4a2",0.18199765051175
"Kcnj6","Kcnn3",0.191640533535582
"Kcnj6","Klhl1",0.20804200152118
"Kcnj6","Robo2",0.214245578884779
"Kcnj6","Rgs6",0.21078162807441
"Kcnj6","Pbx1",0.206601227086188
"Kcnj6","9530059O14Rik",0.218359931957535
"Kcnj6","Nos1ap",0.221016180761895
"Kcnj6","Frmd4b",0.221186449657394
"Kcnj6","Pex5l",0.201191010905794
"Kcnj6","Sgcz",0.172618572687872
"Kcnj6","Csmd1",0.196709060012397
"Kcnj6","Elavl2",0.211112245146559
"Kcnj6","Adarb2",0.186177948367456
"Kcnj6","Zfhx3",0.184672085545251
"Kcnj6","Col25a1",0.196062475051489
"Kcnj6","Slc35f1",0.187669916803493
"Drd2","Gabbr2",0.187433888869594
"Drd2","Nr4a2",0.200282895782468
"Drd2","Kcnn3",0.211735466586191
"Drd2","Klhl1",0.216018001662378
"Drd2","Robo2",0.224398856022948
"Drd2","Rgs6",0.215471295017382
"Drd2","Pbx1",0.215708957960578
"Drd2","9530059O14Rik",0.222253085451165
"Drd2","Nos1ap",0.225102473161212
"Drd2","Frmd4b",0.225045291347916
"Drd2","Pex5l",0.214267890623188
"Drd2","Sgcz",0.198182519082805
"Drd2","Csmd1",0.214560923205097
"Drd2","Elavl2",0.215478681719434
"Drd2","Adarb2",0.20652824086162
"Drd2","Zfhx3",0.209210378776016
"Drd2","Col25a1",0.206137374008031
"Drd2","Slc35f1",0.208746567073576
"Gabbr2","Nr4a2",0.151134218915255
"Gabbr2","Kcnn3",0.167248795883286
"Gabbr2","Klhl1",0.190827604268704
"Gabbr2","Robo2",0.192645522013766
"Gabbr2","Rgs6",0.183485180662746
"Gabbr2","Pbx1",0.197781605051761
"Gabbr2","9530059O14Rik",0.190098587226769
"Gabbr2","Nos1ap",0.18945237911616
"Gabbr2","Frmd4b",0.194311841804516
"Gabbr2","Pex5l",0.164052468098189
"Gabbr2","Sgcz",0.136881164280528
"Gabbr2","Csmd1",0.188589322833611
"Gabbr2","Elavl2",0.183061460613272
"Gabbr2","Adarb2",0.174910928054941
"Gabbr2","Zfhx3",0.167240670910411
"Gabbr2","Col25a1",0.153480545003322
"Gabbr2","Slc35f1",0.170883821593365
"Nr4a2","Kcnn3",0.181156866681408
"Nr4a2","Klhl1",0.186476045182893
"Nr4a2","Robo2",0.193550428702631
"Nr4a2","Rgs6",0.187510007317601
"Nr4a2","Pbx1",0.190546824435566
"Nr4a2","9530059O14Rik",0.192316023212529
"Nr4a2","Nos1ap",0.194753238067369
"Nr4a2","Frmd4b",0.197630413947794
"Nr4a2","Pex5l",0.174130448169412
"Nr4a2","Sgcz",0.159654039017263
"Nr4a2","Csmd1",0.185748201881309
"Nr4a2","Elavl2",0.186504849815908
"Nr4a2","Adarb2",0.174506483587681
"Nr4a2","Zfhx3",0.178415951648375
"Nr4a2","Col25a1",0.166770987978294
"Nr4a2","Slc35f1",0.169932176806106
"Kcnn3","Klhl1",0.195856972364456
"Kcnn3","Robo2",0.202207926771124
"Kcnn3","Rgs6",0.193382443437646
"Kcnn3","Pbx1",0.200172867912433
"Kcnn3","9530059O14Rik",0.19924545103249
"Kcnn3","Nos1ap",0.201084442215092
"Kcnn3","Frmd4b",0.205596437527533
"Kcnn3","Pex5l",0.184500325403005
"Kcnn3","Sgcz",0.177953812794806
"Kcnn3","Csmd1",0.198453430274816
"Kcnn3","Elavl2",0.189357999753107
"Kcnn3","Adarb2",0.188062524659084
"Kcnn3","Zfhx3",0.192258178529315
"Kcnn3","Col25a1",0.181480749678454
"Kcnn3","Slc35f1",0.192734352528925
"Klhl1","Robo2",0.215573309257743
"Klhl1","Rgs6",0.202965894237791
"Klhl1","Pbx1",0.214386220143007
"Klhl1","9530059O14Rik",0.214130878478335
"Klhl1","Nos1ap",0.215044153596204
"Klhl1","Frmd4b",0.217177433007713
"Klhl1","Pex5l",0.198665860779628
"Klhl1","Sgcz",0.174159638599259
"Klhl1","Csmd1",0.209023234678418
"Klhl1","Elavl2",0.204386875633798
"Klhl1","Adarb2",0.202966909316368
"Klhl1","Zfhx3",0.194693426387621
"Klhl1","Col25a1",0.189749736879172
"Klhl1","Slc35f1",0.206884807671044
"Robo2","Rgs6",0.212058598133424
"Robo2","Pbx1",0.219692385263542
"Robo2","9530059O14Rik",0.219312953547002
"Robo2","Nos1ap",0.220863501186624
"Robo2","Frmd4b",0.224748804032134
"Robo2","Pex5l",0.204541731738329
"Robo2","Sgcz",0.181144179358183
"Robo2","Csmd1",0.212958308476598
"Robo2","Elavl2",0.211526282569438
"Robo2","Adarb2",0.200032100804907
"Robo2","Zfhx3",0.199062167294786
"Robo2","Col25a1",0.196392302167852
"Robo2","Slc35f1",0.205943064448885
"Rgs6","Pbx1",0.207534492451537
"Rgs6","9530059O14Rik",0.212085617655215
"Rgs6","Nos1ap",0.214055246690558
"Rgs6","Frmd4b",0.217401589667912
"Rgs6","Pex5l",0.19900459649982
"Rgs6","Sgcz",0.175624945941826
"Rgs6","Csmd1",0.19844507721955
"Rgs6","Elavl2",0.207886381033201
"Rgs6","Adarb2",0.182976166992253
"Rgs6","Zfhx3",0.184401852397487
"Rgs6","Col25a1",0.195213531959619
"Rgs6","Slc35f1",0.189853941020718
"Pbx1","9530059O14Rik",0.213137189628181
"Pbx1","Nos1ap",0.212730073669648
"Pbx1","Frmd4b",0.216914550282745
"Pbx1","Pex5l",0.195956835823408
"Pbx1","Sgcz",0.173760093287372
"Pbx1","Csmd1",0.216378670249402
"Pbx1","Elavl2",0.20644063448942
"Pbx1","Adarb2",0.203256490564773
"Pbx1","Zfhx3",0.198197214886396
"Pbx1","Col25a1",0.186551885403024
"Pbx1","Slc35f1",0.206888154007647
"9530059O14Rik","Nos1ap",0.222490313374442
"9530059O14Rik","Frmd4b",0.223125875979034
"9530059O14Rik","Pex5l",0.209815381354717
"9530059O14Rik","Sgcz",0.183280276440799
"9530059O14Rik","Csmd1",0.206120262921453
"9530059O14Rik","Elavl2",0.21284252137205
"9530059O14Rik","Adarb2",0.198736835275453
"9530059O14Rik","Zfhx3",0.194924331136342
"9530059O14Rik","Col25a1",0.202240100765677
"9530059O14Rik","Slc35f1",0.203927541315596
"Nos1ap","Frmd4b",0.224551602342577
"Nos1ap","Pex5l",0.21482300813237
"Nos1ap","Sgcz",0.188515309253075
"Nos1ap","Csmd1",0.206405611899768
"Nos1ap","Elavl2",0.215677222735686
"Nos1ap","Adarb2",0.199967005827799
"Nos1ap","Zfhx3",0.197729052846061
"Nos1ap","Col25a1",0.206459063666609
"Nos1ap","Slc35f1",0.203695222745143
"Frmd4b","Pex5l",0.211335872093248
"Frmd4b","Sgcz",0.186445358942175
"Frmd4b","Csmd1",0.21243687736263
"Frmd4b","Elavl2",0.217012335379514
"Frmd4b","Adarb2",0.20188630299659
"Frmd4b","Zfhx3",0.199334177476914
"Frmd4b","Col25a1",0.203951790994179
"Frmd4b","Slc35f1",0.208514132691056
"Pex5l","Sgcz",0.174609925652163
"Pex5l","Csmd1",0.188639911215999
"Pex5l","Elavl2",0.203255387169853
"Pex5l","Adarb2",0.18316668592261
"Pex5l","Zfhx3",0.186809563090233
"Pex5l","Col25a1",0.189109290842273
"Pex5l","Slc35f1",0.174523368421241
"Sgcz","Csmd1",0.172468062946942
"Sgcz","Elavl2",0.176292697951961
"Sgcz","Adarb2",0.169103360923355
"Sgcz","Zfhx3",0.180036911074111
"Sgcz","Col25a1",0.169741288264004
"Sgcz","Slc35f1",0.159405408110924
"Csmd1","Elavl2",0.196992429571465
"Csmd1","Adarb2",0.202273778700694
"Csmd1","Zfhx3",0.199324257624174
"Csmd1","Col25a1",0.179232259420477
"Csmd1","Slc35f1",0.204009287575068
"Elavl2","Adarb2",0.184030335734196
"Elavl2","Zfhx3",0.184931678157321
"Elavl2","Col25a1",0.1959109598827
"Elavl2","Slc35f1",0.187516539313067
"Adarb2","Zfhx3",0.196401557808859
"Adarb2","Col25a1",0.172774891839871
"Adarb2","Slc35f1",0.197139256674485
"Zfhx3","Col25a1",0.176382512240913
"Zfhx3","Slc35f1",0.190450939493781
"Col25a1","Slc35f1",0.16969034282539
